{"cameraMode":{"drawMode":0,"name":"Shaded","section":"Shading Mode"},"sceneLighting":true,"audioPlay":false,"sceneViewState":{"showFog":true,"showMaterialUpdate":false,"showSkybox":true,"showFlares":true,"showImageEffects":true,"showParticleSystems":true},"in2DMode":false,"pivot":{"x":3.081714153289795,"y":-0.5303211212158203,"z":-0.7613472938537598},"rotation":{"x":0.018446989357471467,"y":0.9525312781333923,"z":-0.2981101870536804,"w":0.05894238129258156},"size":2.092724561691284,"orthographic":false}